日期,最高温度,最低温度,天气,风力风向,空气质量
2019/1/1,1,-10,晴~多云,西北风1级,56
2019/1/2,1,-9,多云,东北风1级,60
2019/1/3,2,-7,霾,东北风1级,165
2019/1/4,2,-7,晴,西北风2级,50
2019/1/5,0,-8,多云,东北风2级,29
2019/1/6,3,-7,多云,东南风1级,84
2019/1/7,2,-7,多云,西北风2级,61
2019/1/8,1,-10,晴,西北风2级,28
2019/1/9,3,-9,晴,西南风1级,60
2019/1/10,4,-7,晴~多云,西南风1级,105
2019/1/11,5,-7,霾,东北风1级,133
2019/1/12,6,-5,霾,西南风1级,229
2019/1/13,6,-7,晴,东北风1级,165
2019/1/14,6,-8,霾~晴,西北风2级,157
2019/1/15,-2,-10,晴,西北风3级,53
2019/1/16,2,-8,晴,西南风1级,60
2019/1/17,5,-9,晴,西北风1级,66
2019/1/18,6,-6,霾~多云,东北风1级,92
2019/1/19,3,-6,多云,东北风2级,35
2019/1/20,5,-7,晴,西北风2级,30
2019/1/21,8,-4,晴,西北风2级,52
2019/1/22,10,-3,晴,西北风2级,60
2019/1/23,8,-6,晴,东北风2级,48
2019/1/24,5,-5,多云,东北风1级,78
2019/1/25,5,-6,晴,东北风2级,35
2019/1/26,5,-5,晴~多云,东南风1级,35
2019/1/27,7,-4,多云~晴,西北风2级,95
2019/1/28,6,-4,晴~多云,西北风1级,48
2019/1/29,7,-4,多云,东南风1级,138
2019/1/30,5,-7,多云,东北风3级,76
2019/1/31,2,-8,多云,西北风2级,25
2019/2/1,6,-5,晴~多云,西南风1级,69
2019/2/2,3,-4,多云,东北风1级,137
2019/2/3,8,-7,多云~晴,西北风2级,118
2019/2/4,4,-6,多云~晴,东北风1级,76
2019/2/5,5,-5,晴~霾,东南风2级,155
2019/2/6,2,-7,霾,东南风2级,88
2019/2/7,-2,-7,多云,东北风3级,31
2019/2/8,-1,-7,多云,西南风2级,42
2019/2/9,0,-8,多云,东北风2级,24
2019/2/10,0,-8,多云,东南风1级,38
2019/2/11,3,-6,多云,东北风2级,56
2019/2/12,-3,-8,小雪~多云,东北风2级,47
2019/2/13,1,-6,多云,东北风2级,38
2019/2/14,-3,-6,小雪~多云,东南风2级,71
2019/2/15,2,-7,晴,西北风3级,30
2019/2/16,3,-6,晴,西北风2级,23
2019/2/17,6,-5,晴~多云,西北风2级,25
2019/2/18,4,-3,阴,东南风1级,42
2019/2/19,7,-4,多云~晴,西北风2级,117
2019/2/20,9,-4,晴,西北风1级,50
2019/2/21,11,-2,晴~多云,东南风1级,119
2019/2/22,11,-2,霾,东北风1级,131
2019/2/23,12,-2,霾,西南风1级,163
2019/2/24,13,-1,晴~多云,东北风2级,112
2019/2/25,10,-2,多云,东南风1级,73
2019/2/26,10,-2,多云,东南风2级,71
2019/2/27,12,-2,晴,东南风1级,117
2019/2/28,14,-1,晴,西北风1级,101
2019/3/1,15,1,晴~多云,东北风1级,152
2019/3/2,15,3,霾,西南风2级,232
2019/3/3,15,2,霾,西南风1级,207
2019/3/4,16,2,多云,东北风1级,138
2019/3/5,17,4,多云~晴,西北风3级,129
2019/3/6,11,-2,晴,西北风3级,27
2019/3/7,13,-1,晴,西南风2级,36
2019/3/8,13,3,多云,西南风2级,82
2019/3/9,12,2,阴~多云,东北风2级,109
2019/3/10,13,2,小雨~多云,东北风2级,141
2019/3/11,16,1,晴,西北风3级,54
2019/3/12,12,1,晴,西北风3级,29
2019/3/13,16,2,多云,西北风2级,31
2019/3/14,15,4,多云,西北风3级,34
2019/3/15,13,0,多云,西北风3级,45
2019/3/16,19,2,晴,西北风2级,55
2019/3/17,20,4,晴,西南风2级,74
2019/3/18,21,6,多云~晴,东南风1级,126
2019/3/19,25,11,多云,西南风2级,172
2019/3/20,17,6,小雨,西南风2级,96
2019/3/21,13,0,晴,西北风4级,31
2019/3/22,15,3,晴,西北风3级,32
2019/3/23,12,2,晴,西北风3级,34
2019/3/24,19,4,晴,西南风2级,69
2019/3/25,22,5,晴,西北风2级,55
2019/3/26,19,4,晴,东北风2级,81
2019/3/27,21,4,多云,东北风2级,104
2019/3/28,11,2,多云,东南风3级,61
2019/3/29,13,4,多云~晴,西北风3级,76
2019/3/30,13,1,晴,西北风4级,27
2019/3/31,16,2,多云~晴,西北风2级,32
2019/4/1,16,4,晴,东南风2级,37
2019/4/2,19,3,晴,东南风2级,56
2019/4/3,21,6,晴,西南风2级,78
2019/4/4,28,9,多云,西北风3级,105
2019/4/5,21,8,晴~多云,东南风3级,203
2019/4/6,20,6,多云,东北风2级,135
2019/4/7,19,7,多云,东南风2级,78
2019/4/8,17,4,多云~小雨,东南风2级,64
2019/4/9,9,2,小雨~多云,东北风2级,39
2019/4/10,18,9,多云,西北风2级,41
2019/4/11,19,6,多云,西南风2级,66
2019/4/12,22,9,多云,西南风3级,82
2019/4/13,23,7,多云,东北风2级,120
2019/4/14,23,8,晴,西南风3级,54
2019/4/15,26,11,多云,西南风2级,76
2019/4/16,26,12,晴,东南风2级,98
2019/4/17,28,16,霾~多云,西南风3级,138
2019/4/18,24,10,多云,东北风3级,121
2019/4/19,17,10,多云~小雨,东南风2级,62
2019/4/20,15,8,小雨~多云,东南风1级,55
2019/4/21,22,8,晴,东南风2级,112
2019/4/22,26,15,晴~多云,西南风2级,129
2019/4/23,28,15,多云,东南风2级,128
2019/4/24,19,9,小雨,东北风3级,63
2019/4/25,18,8,多云,东北风2级,29
2019/4/26,21,10,晴~多云,西南风2级,35
2019/4/27,16,6,小雨~多云,西南风3级,57
2019/4/28,19,9,多云,西南风2级,58
2019/4/29,23,13,多云,西南风2级,113
2019/4/30,24,13,多云,西北风3级,94
2019/5/1,27,10,晴,西北风2级,39
2019/5/2,29,14,晴~多云,西南风2级,54
2019/5/3,28,16,多云,西南风2级,79
2019/5/4,26,15,阴~小雨,西南风2级,80
2019/5/5,23,10,多云~晴,东北风4级,50
2019/5/6,25,10,晴,西北风2级,39
2019/5/7,28,14,晴~多云,西南风2级,50
2019/5/8,25,13,多云~晴,西南风2级,70
2019/5/9,30,14,晴,西北风2级,64
2019/5/10,30,14,多云,东南风2级,87
2019/5/11,29,14,多云,东南风2级,104
2019/5/12,26,12,雷阵雨~晴,西北风2级,161
2019/5/13,26,12,晴,西南风3级,58
2019/5/14,30,16,多云,东南风2级,85
2019/5/15,28,16,雷阵雨~多云,西南风2级,133
2019/5/16,32,17,晴,东南风2级,105
2019/5/17,33,20,多云~阴,东南风2级,118
2019/5/18,29,18,阴~小雨,东南风2级,56
2019/5/19,28,13,多云~晴,西北风4级,62
2019/5/20,26,13,晴,西北风4级,45
2019/5/21,31,14,晴,西北风2级,40
2019/5/22,35,18,晴,西北风2级,54
2019/5/23,37,21,晴,东南风2级,85
2019/5/24,35,21,多云,西南风3级,88
2019/5/25,35,20,多云~雷阵雨,东南风2级,99
2019/5/26,24,17,中雨~多云,东北风3级,59
2019/5/27,29,15,晴,西北风3级,30
2019/5/28,32,17,晴,西北风2级,39
2019/5/29,33,22,晴~多云,东南风2级,63
2019/5/30,30,15,多云~晴,西北风3级,52
2019/5/31,30,19,晴~多云,西北风2级,34
2019/6/1,30,18,雷阵雨~多云,东南风2级,66
2019/6/2,32,19,多云,东南风2级,75
2019/6/3,34,20,多云,北风2级,62
2019/6/4,28,19,雷阵雨~小雨,东南风2级,82
2019/6/5,31,19,多云~小雨,东南风2级,69
2019/6/6,26,18,小雨~多云,东南风2级,70
2019/6/7,31,21,多云~雷阵雨,西南风2级,82
2019/6/8,34,20,多云~晴,西北风2级,65
2019/6/9,31,18,多云~晴,东北风3级,28
2019/6/10,33,18,晴,东北风2级,61
2019/6/11,32,20,晴~多云,东南风2级,75
2019/6/12,33,22,多云~雷阵雨,东南风2级,69
2019/6/13,29,20,雷阵雨~晴,东北风2级,58
2019/6/14,35,20,晴,东北风2级,59
2019/6/15,32,19,多云~雷阵雨,东南风2级,56
2019/6/16,25,18,雷阵雨~多云,东南风2级,38
2019/6/17,29,20,多云,西南风2级,72
2019/6/18,33,22,雷阵雨,西南风2级,104
2019/6/19,33,22,多云,东南风2级,105
2019/6/20,36,23,多云~晴,东南风2级,103
2019/6/21,32,21,多云,东南风2级,85
2019/6/22,34,22,晴,西南风2级,59
2019/6/23,35,23,晴~多云,东南风2级,93
2019/6/24,36,24,多云,东南风2级,86
2019/6/25,36,24,多云,东南风2级,98
2019/6/26,35,22,多云,东南风2级,90
2019/6/27,33,23,多云~雷阵雨,西北风2级,87
2019/6/28,32,22,多云,西南风3级,56
2019/6/29,35,23,多云,西北风3级,40
2019/6/30,32,21,晴,西北风3级,27
2019/7/1,35,23,晴~多云,东北风1级,36
2019/7/2,35,23,多云~晴,东南风2级,64
2019/7/3,36,24,晴,东南风1级,56
2019/7/4,38,25,晴~多云,西南风2级,89
2019/7/5,33,22,雷阵雨,东北风2级,53
2019/7/6,26,21,雷阵雨~中雨,东北风3级,23
2019/7/7,28,20,小雨~多云,东北风3级,28
2019/7/8,30,22,多云,东南风2级,33
2019/7/9,29,21,雷阵雨~中雨,东南风2级,47
2019/7/10,28,19,雷阵雨~多云,东北风2级,66
2019/7/11,29,21,多云,东南风2级,51
2019/7/12,33,22,多云~晴,西南风1级,62
2019/7/13,33,23,雷阵雨~多云,东北风1级,86
2019/7/14,33,23,雷阵雨~多云,东南风2级,49
2019/7/15,35,24,晴~多云,东南风2级,94
2019/7/16,33,24,多云~雷阵雨,东南风2级,64
2019/7/17,30,23,雷阵雨,东南风2级,67
2019/7/18,32,24,阴~多云,东南风2级,89
2019/7/19,33,25,多云~雷阵雨,东南风2级,81
2019/7/20,30,24,雷阵雨~多云,东南风2级,80
2019/7/21,36,27,晴~多云,西南风2级,102
2019/7/22,35,25,多云~中雨,西南风2级,106
2019/7/23,34,25,晴,西南风2级,58
2019/7/24,36,27,多云~雷阵雨,西南风2级,64
2019/7/25,35,26,多云~晴,西南风2级,66
2019/7/26,37,27,晴,西南风2级,73
2019/7/27,36,27,多云,东南风2级,133
2019/7/28,35,26,多云~雷阵雨,东南风2级,77
2019/7/29,29,23,中雨~多云,东北风2级,30
2019/7/30,34,24,多云~晴,西南风2级,54
2019/7/31,35,24,晴~多云,东北风2级,62
2019/8/1,32,24,中雨~雷阵雨,东南风2级,74
2019/8/2,30,24,雷阵雨~小雨,东南风2级,53
2019/8/3,31,24,阴,东南风2级,62
2019/8/4,29,23,雷阵雨,东南风1级,54
2019/8/5,28,24,中雨~雷阵雨,东南风2级,48
2019/8/6,30,24,雷阵雨,东南风2级,61
2019/8/7,29,23,雷阵雨,东南风2级,39
2019/8/8,32,25,多云~雷阵雨,东南风2级,53
2019/8/9,30,23,雷阵雨~中雨,西南风2级,65
2019/8/10,29,23,雷阵雨,东南风2级,32
2019/8/11,28,24,中雨~小雨,东北风2级,30
2019/8/12,30,23,中雨~小雨,东北风3级,22
2019/8/13,31,22,阴~多云,西北风2级,20
2019/8/14,32,21,多云~晴,东南风2级,32
2019/8/15,32,22,雷阵雨~中雨,西南风2级,49
2019/8/16,31,22,晴,西北风3级,27
2019/8/17,31,19,晴,西北风3级,26
2019/8/18,31,21,晴,西南风2级,42
2019/8/19,31,22,多云,西南风2级,75
2019/8/20,27,19,小雨~多云,东南风2级,71
2019/8/21,31,21,晴,西北风2级,46
2019/8/22,32,20,晴~多云,西北风2级,34
2019/8/23,30,19,多云,西北风2级,33
2019/8/24,30,18,晴,西南风2级,50
2019/8/25,30,20,晴~多云,西南风2级,53
2019/8/26,29,19,多云,西南风2级,94
2019/8/27,33,20,晴,西北风2级,58
2019/8/28,31,20,多云~晴,西北风3级,26
2019/8/29,30,20,多云~晴,西北风3级,21
2019/8/30,30,18,晴,西北风2级,25
2019/8/31,32,18,晴,东南风2级,42
2019/9/1,33,19,多云~晴,西南风2级,56
2019/9/2,34,20,晴,南风2级,67
2019/9/3,33,20,晴,东南风2级,88
2019/9/4,32,19,晴,东南风2级,91
2019/9/5,33,20,晴,东南风2级,82
2019/9/6,33,20,晴,东南风1级,86
2019/9/7,34,21,晴,西南风2级,90
2019/9/8,35,22,晴~多云,东北风2级,71
2019/9/9,32,21,小雨,东北风2级,97
2019/9/10,25,18,小雨~阴,东北风2级,22
2019/9/11,24,18,多云,西南风2级,26
2019/9/12,25,18,阴~中雨,西南风2级,31
2019/9/13,26,18,小雨~多云,西北风2级,42
2019/9/14,29,17,晴~多云,西南风2级,29
2019/9/15,28,17,多云,西南风2级,51
2019/9/16,26,17,多云,东南风2级,43
2019/9/17,28,16,多云~晴,西南风2级,55
2019/9/18,24,14,晴~多云,东南风2级,26
2019/9/19,25,16,多云~阴,西南风1级,56
2019/9/20,27,16,多云,西北风1级,61
2019/9/21,27,16,多云~晴,东北风2级,88
2019/9/22,27,16,晴,东南风1级,116
2019/9/23,30,17,晴,西北风2级,58
2019/9/24,31,15,晴,东北风2级,38
2019/9/25,31,16,晴,西南风2级,54
2019/9/26,30,15,晴,东南风1级,64
2019/9/27,29,15,晴,东南风2级,79
2019/9/28,30,17,晴,西南风1级,84
2019/9/29,29,18,多云,东南风1级,95
2019/9/30,30,19,多云~晴,西南风2级,104
2019/10/1,30,20,多云,西南风2级,84
2019/10/2,29,17,晴~多云,东南风2级,74
2019/10/3,29,13,多云~小雨,东南风2级,86
2019/10/4,15,9,小雨~晴,东南风2级,34
2019/10/5,19,9,晴~多云,东北风2级,17
2019/10/6,19,9,多云,西南风2级,34
2019/10/7,24,10,晴,西北风2级,64
2019/10/8,20,9,晴,西北风3级,26
2019/10/9,22,11,多云,西南风2级,55
2019/10/10,22,12,多云,东南风2级,63
2019/10/11,18,13,阴~多云,东南风2级,62
2019/10/12,18,9,多云~小雨,东南风2级,59
2019/10/13,12,5,小雨~多云,东南风2级,52
2019/10/14,16,4,晴,西北风2级,22
2019/10/15,17,6,晴~多云,西南风1级,35
2019/10/16,15,9,阴~小雨,西南风2级,48
2019/10/17,14,7,小雨~多云,东南风1级,80
2019/10/18,18,7,多云,西南风1级,83
2019/10/19,20,10,多云,西南风1级,165
2019/10/20,22,7,晴,西北风3级,148
2019/10/21,19,6,晴,东南风2级,45
2019/10/22,20,7,晴,东北风1级,77
2019/10/23,21,11,多云,东北风1级,104
2019/10/24,16,7,小雨~多云,西北风2级,108
2019/10/25,14,2,晴,西北风3级,17
2019/10/26,16,3,晴,西南风2级,45
2019/10/27,18,5,晴~多云,西南风1级,69
2019/10/28,15,2,晴,西北风4级,128
2019/10/29,16,3,晴,西南风1级,64
2019/10/30,20,5,晴,西南风1级,83
2019/10/31,22,4,晴,东北风2级,70
2019/11/1,18,8,多云~小雨,东南风2级,65
2019/11/2,13,8,小雨,东北风1级,53
2019/11/3,14,4,多云~晴,东南风2级,53
2019/11/4,16,5,晴,西南风1级,70
2019/11/5,16,6,晴~多云,东南风2级,76
2019/11/6,16,5,多云~晴,东南风1级,66
2019/11/7,12,1,晴,东南风2级,53
2019/11/8,15,2,晴~多云,西北风1级,65
2019/11/9,14,6,多云~中雨,东北风1级,109
2019/11/10,17,6,多云~晴,西北风4级,90
2019/11/11,16,4,晴,西北风2级,48
2019/11/12,18,5,多云,西北风1级,80
2019/11/13,8,-4,晴,西北风4级,51
2019/11/14,10,-2,晴,东南风1级,51
2019/11/15,9,1,晴,东南风2级,64
2019/11/16,9,4,多云~小雨,东南风2级,65
2019/11/17,12,-4,多云~晴,西北风3级,158
2019/11/18,4,-5,晴,西北风3级,77
2019/11/19,7,-3,多云,西南风2级,56
2019/11/20,7,-2,晴,东北风1级,89
2019/11/21,9,-1,晴~多云,东北风1级,115
2019/11/22,10,2,多云~阴,东北风1级,178
2019/11/23,12,4,阴~多云,西北风2级,190
2019/11/24,6,-5,晴,西北风4级,30
2019/11/25,3,-5,晴,西南风2级,27
2019/11/26,5,-4,晴,西北风1级,64
2019/11/27,4,-6,晴,东北风2级,26
2019/11/28,3,-5,晴~多云,东北风1级,59
2019/11/29,3,-4,小雪,东南风1级,76
2019/11/30,5,-5,多云~晴,西北风2级,74
2019/12/1,4,-5,晴,西北风2级,32
2019/12/2,4,-5,晴,西南风2级,25
2019/12/3,7,-4,晴,西北风2级,45
2019/12/4,8,-5,晴,西北风2级,30
2019/12/5,2,-6,晴,东北风2级,37
2019/12/6,4,-5,晴,西北风1级,73
2019/12/7,6,-6,晴~多云,东北风1级,66
2019/12/8,5,-5,多云,东北风1级,181
2019/12/9,3,-5,霾~雾,西北风1级,224
2019/12/10,9,-3,雾~晴,西北风3级,148
2019/12/11,4,-6,晴,西北风3级,27
2019/12/12,5,-5,晴,西北风1级,35
2019/12/13,10,-5,晴,西北风2级,48
2019/12/14,5,-3,晴~多云,东北风1级,24
2019/12/15,3,-2,多云~中雪,东北风1级,67
2019/12/16,2,-4,小雪~多云,东北风1级,91
2019/12/17,6,-7,晴,西北风3级,25
2019/12/18,2,-6,晴,东北风1级,26
2019/12/19,2,-9,晴,西北风3级,27
2019/12/20,3,-7,晴,东北风1级,33
2019/12/21,4,-6,多云,东北风1级,63
2019/12/22,5,-5,多云~晴,东北风1级,90
2019/12/23,3,-4,多云~阴,东北风2级,59
2019/12/24,1,-6,小雪~多云,东南风1级,110
2019/12/25,5,-6,多云,东北风2级,85
2019/12/26,4,-7,多云~晴,西北风2级,41
2019/12/27,4,-6,晴,东北风1级,69
2019/12/28,3,-7,晴~多云,东北风1级,100
2019/12/29,5,-7,多云~晴,西北风3级,133
2019/12/30,-5,-12,晴,西北风4级,37
2019/12/31,-3,-10,晴,西北风1级,36
2020/1/1,0,-9,晴,东北风1级,53
2020/1/2,4,-8,多云,西北风1级,74
2020/1/3,7,-5,晴,西北风1级,72
2020/1/4,9,-5,晴,东北风1级,59
2020/1/5,2,-3,阴~小雪,东北风1级,79
2020/1/6,3,-2,阴~多云,北风1级,78
2020/1/7,2,-4,阴~晴,西北风2级,24
2020/1/8,5,-6,晴,西北风2级,27
2020/1/9,4,-7,晴,东北风1级,48
2020/1/10,6,-4,晴~多云,西北风2级,46
2020/1/11,0,-7,阴,东北风2级,22
2020/1/12,2,-6,多云~晴,东北风1级,30
2020/1/13,0,-8,晴,西北风3级,21
2020/1/14,1,-9,晴,东北风2级,26
2020/1/15,1,-7,多云,西北风1级,69
2020/1/16,2,-7,多云,东北风1级,69
2020/1/17,3,-7,阴~晴,西北风1级,90
2020/1/18,-2,-4,雾~多云,西北风1级,271
2020/1/19,5,-4,多云~晴,西北风2级,57
2020/1/20,6,-7,晴,西北风2级,25
2020/1/21,4,-6,多云~晴,东北风1级,58
2020/1/22,6,-5,晴,东北风1级,90
2020/1/23,8,-6,晴,东北风2级,71
2020/1/24,4,-6,晴,东南风1级,83
2020/1/25,5,-5,多云,西北风1级,188
2020/1/26,3,-4,阴~多云,东北风1级,197
2020/1/27,5,-4,阴,东北风1级,224
2020/1/28,5,-4,阴~霾,东北风1级,224
2020/1/29,8,-6,多云~晴,西北风1级,104
2020/1/30,6,-6,晴,西南风1级,66
2020/1/31,8,-5,晴,西北风2级,66
2020/2/1,4,-3,多云~小雪,东北风2级,21
2020/2/2,3,-7,小雪~晴,西北风2级,45
2020/2/3,3,-6,晴,西南风2级,31
2020/2/4,2,-8,晴~多云,东北风2级,26
2020/2/5,-3,-6,小雪,东南风2级,37
2020/2/6,-3,-9,中雪~多云,东南风1级,57
2020/2/7,1,-7,多云~晴,东北风1级,99
2020/2/8,7,-7,晴,西北风1级,91
2020/2/9,6,-5,多云~晴,东北风1级,169
2020/2/10,12,-5,雾~晴,东北风1级,173
2020/2/11,10,-2,雾,东北风1级,227
2020/2/12,11,-2,雾,东北风1级,262
2020/2/13,8,0,雾~雨夹雪,东北风2级,260
2020/2/14,0,-6,暴雪~阴,东北风2级,87
2020/2/15,0,-4,中雪~晴,西北风4级,20
2020/2/16,3,-5,阴~晴,西北风3级,20
2020/2/17,6,-5,晴,西北风2级,21
2020/2/18,10,-4,多云~晴,东北风1级,27
2020/2/19,8,-4,晴~多云,东北风2级,76
2020/2/20,4,-3,多云~晴,东南风1级,142
2020/2/21,9,-2,多云~晴,西北风2级,128
2020/2/22,9,-3,晴,西北风3级,25
2020/2/23,10,0,晴~多云,东北风1级,53
2020/2/24,9,3,阴~小雨,东北风2级,86
2020/2/25,9,-2,阴~晴,东南风2级,70
2020/2/26,8,-2,多云~阴,东南风2级,44
2020/2/27,5,-3,阴~多云,西南风3级,37
2020/2/28,8,0,晴~多云,西南风1级,81
2020/2/29,3,1,雨夹雪~小雨,东南风1级,109
2020/3/1,10,-3,雾~晴,西北风2级,41
2020/3/2,9,-1,阴~雨夹雪,东南风2级,33
2020/3/3,8,-3,晴,西北风3级,36
2020/3/4,7,-2,晴,西北风2级,23
2020/3/5,9,-2,晴,西南风2级,54
2020/3/6,10,1,晴~小雨,东北风2级,109
2020/3/7,15,1,晴~雾,东北风2级,81
2020/3/8,6,5,雾~小雨,东北风2级,129
2020/3/9,11,-1,阴~多云,东南风2级,74
2020/3/10,11,-4,晴,西北风3级,33
2020/3/11,16,1,晴,东北风1级,44
2020/3/12,14,-2,多云,东北风3级,43
2020/3/13,12,-1,晴,西北风3级,30
2020/3/14,16,3,晴,西北风3级,34
2020/3/15,18,0,晴,东北风2级,34
2020/3/16,12,3,晴,东南风2级,57
2020/3/17,23,3,晴~多云,西北风2级,56
2020/3/18,26,5,晴,西北风3级,105
2020/3/19,17,4,晴~多云,西北风3级,36
2020/3/20,24,7,阴~多云,西北风2级,53
2020/3/21,17,3,多云~晴,东南风2级,66
2020/3/22,21,7,晴,西南风2级,59
2020/3/23,22,6,晴~多云,东南风2级,54
2020/3/24,18,5,阴~多云,东南风2级,67
2020/3/25,21,5,多云~小雨,东南风2级,155
2020/3/26,12,2,小雨~多云,西北风4级,41
2020/3/27,13,-1,晴,西北风3级,27
2020/3/28,14,2,晴,西南风2级,30
2020/3/29,16,5,多云,西南风2级,62
2020/3/30,18,7,阴~多云,西南风2级,87
2020/3/31,19,7,阴~多云,东北风2级,87
2020/4/1,16,3,阴~晴,东北风3级,45
2020/4/2,20,7,晴,西北风2级,39
2020/4/3,24,9,晴,西北风2级,42
2020/4/4,18,4,晴,东南风3级,99
2020/4/5,19,6,晴,西南风2级,67
2020/4/6,23,9,多云,东南风2级,85
2020/4/7,18,5,阴~晴,东南风2级,87
2020/4/8,15,7,多云~小雨,东南风2级,54
2020/4/9,12,4,阴~多云,西南风2级,53
2020/4/10,17,6,晴,西南风1级,58
2020/4/11,23,10,晴,西北风2级,46
2020/4/12,25,6,晴,东北风3级,45
2020/4/13,27,10,晴,西南风1级,57
2020/4/14,26,11,多云,西南风2级,94
2020/4/15,24,11,多云~中雨,东南风2级,94
2020/4/16,19,11,浮尘~多云,西北风3级,76
2020/4/17,21,8,晴,东北风3级,47
2020/4/18,22,11,阴,东南风2级,46
2020/4/19,21,10,多云,西南风3级,68
2020/4/20,15,4,晴,西北风4级,67
2020/4/21,13,4,晴,西北风4级,34
2020/4/22,16,6,晴,西北风4级,46
2020/4/23,19,6,晴,西北风3级,31
2020/4/24,29,12,浮尘~扬沙,西北风3级,84
2020/4/25,22,9,阴~晴,东北风3级,57
2020/4/26,22,7,阴~晴,东北风2级,37
2020/4/27,28,11,晴,南风2级,61
2020/4/28,27,16,晴,西南风2级,102
2020/4/29,28,15,晴,南风2级,118
2020/4/30,32,17,多云~晴,南风1级,143
2020/5/1,34,21,多云~晴,西南风2级,179
2020/5/2,32,17,晴,南风3级,149
2020/5/3,25,14,阴~雷阵雨,东风2级,102
2020/5/4,17,10,阴~雾,南风3级,52
2020/5/5,22,13,晴,西南风2级,65
2020/5/6,25,13,多云~小雨,东南风2级,114
2020/5/7,19,13,阴~小雨,东南风2级,117
2020/5/8,15,10,小雨~阴,东风2级,58
2020/5/9,19,13,阴~晴,西南风2级,47
2020/5/10,25,14,多云,西北风3级,56
2020/5/11,27,13,阴~晴,西北风3级,75
2020/5/12,26,12,晴,西北风2级,97
2020/5/13,30,18,晴~多云,西南风2级,117
2020/5/14,30,15,多云,南风3级,104
2020/5/15,22,15,阴~雷阵雨,东南风2级,93
2020/5/16,22,13,浮尘,东风2级,66
2020/5/17,22,14,多云,西北风2级,66
2020/5/18,26,15,多云,北风3级,42
2020/5/19,30,15,晴,西南风2级,54
2020/5/20,29,16,多云,东北风2级,68
2020/5/21,22,15,阴~多云,东风2级,114
2020/5/22,29,16,晴~雷阵雨,西北风3级,79
2020/5/23,26,16,小雨~晴,西北风3级,56
2020/5/24,29,17,晴,西北风2级,33
2020/5/25,24,13,小雨~多云,东北风2级,44
2020/5/26,28,16,晴~小雨,西北风2级,34
2020/5/27,30,16,晴,西北风3级,45
2020/5/28,32,17,多云~雷阵雨,东南风2级,82
2020/5/29,29,21,阴~多云,东风2级,111
2020/5/30,31,18,阴~雷阵雨,南风3级,116
2020/5/31,28,16,中雨~晴,西北风3级,73
2020/6/1,31,16,晴~雷阵雨,西南风2级,62
2020/6/2,32,20,晴,西南风2级,89
2020/6/3,36,20,浮尘~晴,西北风3级,168
2020/6/4,32,18,晴~多云,东风2级,44
2020/6/5,30,17,晴,东南风2级,42
2020/6/6,31,19,晴~多云,东南风2级,64
2020/6/7,35,24,多云~晴,南风2级,83
2020/6/8,37,26,多云,西南风3级,97
2020/6/9,28,21,阴~雷阵雨,东风2级,73
2020/6/10,33,21,阴~晴,西北风2级,93
2020/6/11,31,21,阴~雷阵雨,北风2级,85
2020/6/12,34,23,阴~多云,西南风2级,80
2020/6/13,32,23,阴~晴,西北风2级,95
2020/6/14,34,22,晴,西北风3级,36
2020/6/15,37,22,多云,西南风2级,62
2020/6/16,36,24,阴~多云,南风2级,100
2020/6/17,31,21,阴,西南风3级,66
2020/6/18,32,22,阴~多云,西南风2级,63
2020/6/19,32,24,小雨~多云,西南风3级,59
2020/6/20,33,25,阴~雷阵雨,西南风3级,81
2020/6/21,34,25,多云~晴,西南风3级,75
2020/6/22,32,24,多云,南风3级,86
2020/6/23,31,22,阴~多云,东南风3级,73
2020/6/24,29,22,阴~雷阵雨,东南风2级,35
2020/6/25,29,20,阴~雷阵雨,南风2级,51
2020/6/26,28,21,小雨~多云,东南风2级,44
2020/6/27,32,22,晴~多云,东南风2级,111
2020/6/28,30,22,阴~雷阵雨,南风2级,101
2020/6/29,27,21,阴~小雨,东风2级,48
2020/6/30,34,22,阴~多云,西北风1级,41
2020/7/1,34,22,阴~雷阵雨,东风2级,74
2020/7/2,28,21,阴~中雨,东北风2级,49
2020/7/3,27,20,小雨~多云,东风2级,71
2020/7/4,30,22,阴~雷阵雨,西南风2级,72
2020/7/5,32,21,阴~雷阵雨,北风2级,53
2020/7/6,33,22,多云,东南风2级,53
2020/7/7,33,21,小雨~晴,东北风2级,34
2020/7/8,32,21,晴~雷阵雨,南风2级,74
2020/7/9,23,19,中雨~阴,东南风2级,46
2020/7/10,25,21,多云~雷阵雨,东南风2级,64
2020/7/11,26,22,阴~雷阵雨,东南风2级,111
2020/7/12,28,21,阴~雾,东南风2级,133
2020/7/13,30,22,阴~多云,东南风2级,73
2020/7/14,31,22,多云,西南风2级,54
2020/7/15,33,22,晴,西南风2级,59
2020/7/16,33,25,多云~雷阵雨,西南风3级,70
2020/7/17,29,23,阴~雷阵雨,西南风3级,67
2020/7/18,27,22,阴~雷阵雨,东南风2级,64
2020/7/19,32,20,多云~晴,东北风2级,55
2020/7/20,34,24,多云~晴,南风2级,77
2020/7/21,34,22,阴~多云,西南风3级,66
2020/7/22,32,22,多云,东南风2级,85
2020/7/23,32,22,多云~晴,东南风2级,67
2020/7/24,37,24,晴,西南风2级,60
2020/7/25,33,24,阴~雷阵雨,西南风2级,70
2020/7/26,25,21,小雨,南风2级,47
2020/7/27,24,21,小雨~阴,东南风2级,81
2020/7/28,28,22,阴~雷阵雨,东南风2级,109
2020/7/29,31,24,多云,西南风2级,79
2020/7/30,34,25,多云~雷阵雨,西南风2级,113
2020/7/31,34,24,多云~雾,南风2级,64
2020/8/1,30,25,阴,西南风2级,55
2020/8/2,33,22,小雨~晴,西南风2级,46
2020/8/3,33,24,多云~晴,西北风2级,46
2020/8/4,37,26,多云,西北风2级,43
2020/8/5,30,23,中雨~阴,西南风2级,55
2020/8/6,31,23,小雨~多云,东南风2级,50
2020/8/7,33,22,阴~多云,东南风2级,40
2020/8/8,31,23,阴~多云,南风2级,49
2020/8/9,33,22,晴~雷阵雨,西南风2级,47
2020/8/10,32,23,多云~晴,西南风2级,39
2020/8/11,34,25,晴~雷阵雨,西南风2级,71
2020/8/12,31,24,小雨~大雨,东南风2级,53
2020/8/13,32,23,阴~晴,西南风2级,30
2020/8/14,34,26,晴~雷阵雨,西南风2级,62
2020/8/15,31,22,小雨~多云,西南风2级,52
2020/8/16,25,21,小雨,南风2级,58
2020/8/17,27,24,阴~雷阵雨,东南风2级,61
2020/8/18,26,22,小雨,北风2级,57
2020/8/19,26,19,阴~多云,东北风2级,26
2020/8/20,26,17,小雨~多云,东南风2级,35
2020/8/21,28,17,晴,南风2级,46
2020/8/22,28,19,多云,西南风2级,62
2020/8/23,28,21,多云~暴雨,南风2级,77
2020/8/24,33,20,阴~晴,西北风2级,35
2020/8/25,34,22,阴~晴,东南风2级,54
2020/8/26,28,22,多云,东南风2级,94
2020/8/27,32,19,多云,东南风2级,84
2020/8/28,30,22,晴~多云,东南风2级,44
2020/8/29,30,23,多云~阴,东南风2级,72
2020/8/30,30,22,阴~雷阵雨,东南风2级,71
2020/8/31,26,18,阴~晴,西北风2级,36
2020/9/1,33,20,阴~多云,西北风2级,33
2020/9/2,29,19,多云,西北风3级,33
2020/9/3,28,16,多云~晴,西北风3级,21
2020/9/4,30,17,多云~雷阵雨,西南风2级,45
2020/9/5,30,19,多云~晴,东南风2级,60
2020/9/6,30,20,多云~雷阵雨,东南风2级,99
2020/9/7,31,21,晴~多云,东北风2级,37
2020/9/8,31,19,多云,西北风2级,25
2020/9/9,31,18,晴~多云,西北风2级,28
2020/9/10,26,18,小雨~阴,北风3级,24
2020/9/11,26,19,多云~小雨,东北风2级,19
2020/9/12,26,18,多云~小雨,东北风2级,22
2020/9/13,27,19,多云~小雨,东南风2级,40
2020/9/14,25,19,小雨~中雨,西南风2级,58
2020/9/15,23,17,小雨~晴,东南风2级,49
2020/9/16,26,15,晴,西北风3级,21
2020/9/17,27,13,晴,西北风3级,22
2020/9/18,28,12,晴,西北风2级,32
2020/9/19,29,14,晴,东北风1级,40
2020/9/20,26,15,晴~多云,东南风2级,34
2020/9/21,26,16,阴~多云,南风2级,63
2020/9/22,26,16,多云~阴,东北风2级,46
2020/9/23,18,16,大雨~小雨,东北风2级,58
2020/9/24,24,13,多云,东风2级,47
2020/9/25,25,14,阴~晴,东南风1级,58
2020/9/26,25,14,晴,南风2级,75
2020/9/27,26,14,晴~多云,南风2级,87
2020/9/28,25,14,多云~中雨,南风2级,108
2020/9/29,19,9,小雨~晴,东北风2级,26
2020/9/30,20,13,晴~小雨,南风2级,33
2020/10/1,20,14,阴~晴,南风2级,61
2020/10/2,21,8,晴,西北风3级,30
2020/10/3,22,9,多云~晴,西风3级,40
2020/10/4,18,8,晴,西北风4级,27
2020/10/5,19,6,晴,西北风2级,23
2020/10/6,21,10,晴~多云,西南风1级,51
2020/10/7,22,9,阴~晴,南风2级,80
2020/10/8,18,11,多云~阴,南风2级,110
2020/10/9,21,10,阴~晴,南风1级,140
2020/10/10,23,12,多云~阴,南风2级,181
2020/10/11,19,7,多云,北风3级,72
2020/10/12,18,6,晴,西南风2级,28
2020/10/13,21,7,多云,北风3级,41
2020/10/14,13,5,阴~晴,东南风2级,32
2020/10/15,18,8,晴~多云,东北风1级,79
2020/10/16,19,4,多云~晴,西北风3级,37
2020/10/17,22,7,晴,西南风2级,45
2020/10/18,21,5,晴,东北风2级,56
2020/10/19,21,7,晴~多云,南风1级,82
2020/10/20,17,8,阴~多云,西南风1级,157
2020/10/21,16,3,晴,西北风3级,121
2020/10/22,15,3,晴,西北风3级,57
2020/10/23,18,3,晴,西北风2级,32
2020/10/24,20,7,晴~多云,西南风1级,61
2020/10/25,19,7,阴~多云,东北风1级,111
2020/10/26,21,7,多云~晴,西北风2级,127
2020/10/27,17,5,多云~晴,北风2级,47
2020/10/28,18,5,阴~多云,北风2级,45
2020/10/29,19,3,阴~晴,西北风1级,65
2020/10/30,17,8,晴~阴,南风2级,72
2020/10/31,19,6,浮尘~晴,西北风3级,154
2020/11/1,17,4,晴,西北风3级,53
2020/11/2,12,0,晴,西北风3级,45
2020/11/3,14,0,晴,西北风2级,33
2020/11/4,15,2,晴,北风1级,65
2020/11/5,15,4,多云,东北风1级,116
2020/11/6,18,4,晴,西北风2级,118
2020/11/7,19,2,晴,西北风3级,95
2020/11/8,15,1,晴,西北风2级,41
2020/11/9,16,2,晴,西北风2级,52
2020/11/10,18,2,晴,东北风1级,68
2020/11/11,14,4,多云~晴,东北风1级,141
2020/11/12,20,4,多云~晴,北风2级,124
2020/11/13,16,4,晴~多云,东风2级,48
2020/11/14,12,4,阴~多云,东风1级,74
2020/11/15,16,5,多云,东北风1级,107
2020/11/16,13,8,阴~小雨,东风1级,133
2020/11/17,10,8,阴~小雨,东北风1级,140
2020/11/18,11,4,大雨~小雨,东北风2级,63
2020/11/19,9,-2,阴~多云,东北风2级,16
2020/11/20,8,-1,晴~小雪,东北风2级,21
2020/11/21,2,-2,雨夹雪~多云,东北风1级,49
2020/11/22,3,-5,晴,西北风3级,16
2020/11/23,6,-3,晴~多云,西北风2级,31
2020/11/24,7,-4,阴~晴,西北风1级,48
2020/11/25,6,-4,多云,东北风2级,50
2020/11/26,5,-4,多云~晴,东南风1级,36
2020/11/27,5,-3,晴,西北风3级,28
2020/11/28,3,-5,阴~多云,北风2级,27
2020/11/29,5,-4,晴,西北风2级,33
2020/11/30,4,-6,多云~晴,北风2级,36
2020/12/1,3,-4,多云~阴,东北风1级,42
2020/12/2,3,-4,阴~晴,西北风2级,36
2020/12/3,4,-4,晴,西北风3级,21
2020/12/4,4,-6,晴,西北风3级,22
2020/12/5,4,-5,晴,西北风1级,39
2020/12/6,6,-4,晴,西北风3级,59
2020/12/7,1,-7,晴,西北风3级,26
2020/12/8,2,-6,晴~多云,西北风1级,39
2020/12/9,3,-5,多云~晴,东北风1级,71
2020/12/10,7,-4,晴,西北风1级,87
2020/12/11,6,-6,晴,北风2级,50
2020/12/12,2,-6,晴,西北风2级,102
2020/12/13,-2,-9,晴,西北风3级,29
2020/12/14,0,-9,晴,西北风2级,25
2020/12/15,0,-8,晴,北风1级,38
2020/12/16,1,-9,晴,西北风2级,44
2020/12/17,3,-6,晴,西北风2级,66
2020/12/18,0,-9,晴,北风3级,31
2020/12/19,3,-6,晴,北风1级,45
2020/12/20,5,-7,晴,北风2级,46
2020/12/21,5,-8,晴,北风1级,56
2020/12/22,6,-6,晴~多云,东北风1级,76
2020/12/23,7,-5,晴,西北风3级,93
2020/12/24,4,-7,晴,西北风3级,51
2020/12/25,7,-7,晴,北风1级,67
2020/12/26,3,-6,多云~晴,东北风1级,75
2020/12/27,7,-5,晴~多云,东北风1级,85
2020/12/28,2,-10,阴~多云,东北风2级,83
2020/12/29,-8,-13,多云~晴,西北风4级,56
2020/12/30,-5,-13,晴,西北风3级,26
2020/12/31,0,-11,晴,西北风2级,31
2021/1/1,1,-11,晴,东北风1级,54
2021/1/2,0,-9,晴~多云,东北风1级,78
2021/1/3,-1,-8,多云,东北风1级,31
2021/1/4,0,-11,多云~晴,西北风3级,36
2021/1/5,-2,-11,晴,西北风2级,32
2021/1/6,0,-19,多云~晴,西北风4级,64
2021/1/7,-7,-14,晴,西北风3级,34
2021/1/8,-2,-10,晴,西北风3级,31
2021/1/9,1,-8,晴,西北风2级,41
2021/1/10,1,-7,多云,西北风2级,26
2021/1/11,2,-8,多云,西北风2级,57
2021/1/12,4,-6,晴~多云,北风1级,99
2021/1/13,8,-6,晴~多云,北风2级,177
2021/1/14,2,-4,阴~多云,东北风2级,81
2021/1/15,3,-8,晴,北风3级,75
2021/1/16,0,-8,晴,西北风3级,30
2021/1/17,3,-7,晴,西风2级,49
2021/1/18,4,-6,晴~阴,东北风2级,63
2021/1/19,-3,-8,阴~多云,东北风2级,48
2021/1/20,1,-5,晴~多云,西北风1级,71
2021/1/21,5,-5,阴~晴,西北风1级,109
2021/1/22,5,-7,晴~多云,东北风1级,114
2021/1/23,3,-6,多云,西南风1级,103
2021/1/24,5,-5,晴~多云,东北风1级,139
2021/1/25,1,-6,雨夹雪~雾,西风1级,176
2021/1/26,6,-7,阴~多云,西北风2级,117
2021/1/27,3,-6,阴~多云,北风2级,63
2021/1/28,-1,-9,晴,西北风微风,49
2021/1/29,0,-8,晴,东北风1级,52
2021/1/30,7,-7,晴,东南风1级,68
2021/1/31,0,-5,多云~晴,东北风1级,90
2021/2/1,2,-10,晴,西北风3级,51
2021/2/2,0,-8,晴~多云,西北风2级,35
2021/2/3,7,-6,多云~晴,西北风微风,50
2021/2/4,10,-5,晴~多云,西南风微风,59
2021/2/5,15,-2,晴,西北风1级,70
2021/2/6,16,-3,晴~多云,西北风2级,81
2021/2/7,7,-5,晴,北风2级,47
2021/2/8,7,-5,多云,东南风1级,45
2021/2/9,10,-3,晴,北风1级,88
2021/2/10,15,-3,晴,北风1级,110
2021/2/11,11,-1,多云~晴,北风1级,220
2021/2/12,14,-1,多云,东北风微风,255
2021/2/13,7,2,雾~小雨,东北风1级,264
2021/2/14,4,-5,雨夹雪~多云,东北风2级,135
2021/2/15,5,-4,晴~多云,西风3级,31
2021/2/16,0,-7,晴,西北风4级,37
2021/2/17,3,-7,晴,西北风3级,24
2021/2/18,7,-5,晴,东北风1级,40
2021/2/19,16,-2,多云,西北风1级,63
2021/2/20,20,3,阴~多云,西北风1级,73
2021/2/21,25,4,阴~晴,西北风2级,114
2021/2/22,12,0,多云,东北风3级,61
2021/2/23,3,-3,阴,东南风2级,46
2021/2/24,5,-3,阴~多云,东南风1级,62
2021/2/25,8,-3,阴~晴,东北风1级,107
2021/2/26,11,-3,多云~晴,南风1级,171
2021/2/27,11,1,多云~雨夹雪,南风2级,143
2021/2/28,5,0,小雨~雨夹雪,东北风2级,128
2021/3/1,5,-6,小雪~多云,南风2级,34
2021/3/2,4,-2,多云,南风微风,83
2021/3/3,6,2,多云~阴,东北风1级,153
2021/3/4,11,2,阴~多云,东北风1级,198
2021/3/5,9,-2,雾~多云,东南风2级,169
2021/3/6,4,-5,阴~晴,南风2级,49
2021/3/7,8,-2,多云,西南风微风,76
2021/3/8,10,1,多云,西南风1级,109
2021/3/9,15,3,多云,北风1级,182
2021/3/10,16,8,雾,西南风2级,248
2021/3/11,17,7,阴,南风2级,143
2021/3/12,10,6,小雨~雾,东南风2级,138
2021/3/13,14,8,多云,东南风1级,152
2021/3/14,13,9,阴,南风2级,178
2021/3/15,12,2,扬沙~浮尘,西北风3级,347 严重
2021/3/16,15,3,浮尘,北风2级,172
2021/3/17,13,6,小雨,东南风2级,195
2021/3/18,8,3,阴~多云,东南风2级,98
2021/3/19,10,5,阴~小雨,西南风2级,94
2021/3/20,13,3,浮尘~晴,西北风3级,83
2021/3/21,12,1,晴,西北风3级,29
2021/3/22,19,5,晴,西南风2级,122
2021/3/23,23,8,晴,西南风微风,90
2021/3/24,21,6,阴~晴,东北风2级,103
2021/3/25,21,11,多云,西南风2级,81
2021/3/26,14,10,小雨~雾,东南风1级,168
2021/3/27,18,10,雾~浮尘,南风2级,181
2021/3/28,18,8,扬沙~晴,西北风4级,282
2021/3/29,19,6,多云~晴,西北风2级,91
2021/3/30,21,9,多云~晴,西南风2级,144
2021/3/31,24,10,多云,东北风2级,126
2021/4/1,18,12,阴,东南风2级,118
2021/4/2,16,10,阴~小雨,东南风微风,56
2021/4/3,18,7,晴,东北风3级,42
2021/4/4,19,7,晴~多云,西南风2级,30
2021/4/5,18,8,阴~多云,西南风微风,60
2021/4/6,21,10,多云,西南风2级,57
2021/4/7,19,5,晴,东南风微风,74
2021/4/8,19,8,晴~多云,东南风2级,62
2021/4/9,18,6,多云,东南风2级,67
2021/4/10,20,12,阴~多云,南风2级,90
2021/4/11,20,9,阴,南风3级,79
2021/4/12,16,8,多云,西北风3级,82
2021/4/13,16,5,晴,西北风3级,27
2021/4/14,22,10,晴~多云,西南风2级,69
2021/4/15,21,8,扬沙,西风3级,168
2021/4/16,17,9,多云~晴,西北风3级,119
2021/4/17,20,5,晴,西北风3级,33
2021/4/18,25,10,晴,西南风2级,63
2021/4/19,27,15,晴~多云,西南风2级,100
2021/4/20,26,13,阴~多云,南风2级,96
2021/4/21,21,12,阴~小雨,南风3级,67
2021/4/22,16,9,小雨~多云,东南风2级,56
2021/4/23,21,12,多云,东南风2级,49
2021/4/24,18,13,阴~多云,东南风2级,39
2021/4/25,20,10,阴,南风2级,64
2021/4/26,22,8,阴~浮尘,南风2级,64
2021/4/27,22,11,扬沙~晴,西北风3级,73
2021/4/28,22,10,阴~多云,西南风微风,61
2021/4/29,18,8,多云,西北风3级,58
2021/4/30,14,6,阴~晴,西北风2级,30
2021/5/1,20,7,晴,北风3级,33
2021/5/2,21,13,阴~晴,南风3级,39
2021/5/3,24,13,晴~多云,西南风微风,63
2021/5/4,23,10,多云,西北风3级,53
2021/5/5,27,16,晴,西南风微风,70
2021/5/6,19,14,多云~扬沙,西风4级,185
2021/5/7,25,17,晴,西北风4级,120
2021/5/8,26,12,多云,西北风3级,174
2021/5/9,26,13,多云,东南风2级,50
2021/5/10,23,13,阴~多云,东南风2级,54
2021/5/11,24,13,多云,东南风2级,55
2021/5/12,26,15,多云,东北风2级,52
2021/5/13,23,16,阴~多云,东南风2级,69
2021/5/14,23,18,多云~阴,东南风2级,67
2021/5/15,19,15,小雨,东北风3级,37
2021/5/16,26,13,阴~晴,西北风微风,26
2021/5/17,31,15,晴,西南风2级,48
2021/5/18,32,19,多云,西南风2级,61
2021/5/19,30,19,阴,西南风微风,71
2021/5/20,28,16,阴~多云,西南风2级,67
2021/5/21,30,20,晴~雷阵雨,西南风2级,84
2021/5/22,32,16,阴~雷阵雨,西南风2级,72
2021/5/23,26,13,扬沙~晴,西北风微风,115
2021/5/24,24,13,多云,西北风3级,57
2021/5/25,28,15,多云,西南风微风,63
2021/5/26,28,13,阴~晴,北风2级,57
2021/5/27,28,16,雷阵雨~多云,西北风3级,47
2021/5/28,29,16,晴~多云,西北风3级,29
2021/5/29,27,15,晴~小雨,东风3级,44
2021/5/30,27,15,晴~小雨,东南风2级,46
2021/5/31,19,14,雷阵雨~小雨,东风2级,49
2021/6/1,28,17,多云~雷阵雨,东南风2级,42
2021/6/2,29,14,多云~晴,北风2级,49
2021/6/3,28,17,晴,西北风3级,28
2021/6/4,30,16,晴,西北风3级,35
2021/6/5,34,18,晴,西北风2级,32
2021/6/6,33,20,多云~小雨,东风2级,50
2021/6/7,27,19,阴,东南风3级,53
2021/6/8,29,21,阴~小雨,东南风2级,69
2021/6/9,25,19,阴~中雨,西北风2级,56
2021/6/10,32,18,阴~晴,西风2级,31
2021/6/11,36,20,阴~多云,西南风2级,54
2021/6/12,36,24,阴~多云,南风2级,88
2021/6/13,34,23,阴~雷阵雨,南风2级,82
2021/6/14,25,23,小雨~雷阵雨,东北风2级,31
2021/6/15,30,21,阴,东南风2级,58
2021/6/16,22,20,阴~小雨,东南风2级,37
2021/6/17,32,19,晴,西北风3级,29
2021/6/18,34,19,阴~晴,西北风3级,26
2021/6/19,37,20,晴,西北风3级,30
2021/6/20,36,21,晴,西北风2级,34
2021/6/21,35,21,多云,东北风2级,71
2021/6/22,32,21,晴~小雨,南风2级,48
2021/6/23,25,22,阴~小雨,东南风2级,38
2021/6/24,27,20,阴~小雨,南风2级,44
2021/6/25,28,22,小雨~雷阵雨,东南风2级,58
2021/6/26,28,23,多云,东北风2级,43
2021/6/27,33,23,多云,东风2级,71
2021/6/28,30,22,阴~雷阵雨,东南风1级,71
2021/6/29,27,22,阴~雷阵雨,东南风2级,44
2021/6/30,30,23,阴,东风1级,41
2021/7/1,30,22,雷阵雨,西南风2级,37
2021/7/2,30,19,阴~大雨,南风2级,37
2021/7/3,28,21,雷阵雨,东风2级,41
2021/7/4,33,21,多云,西南风2级,33
2021/7/5,32,21,阴~中雨,东风2级,41
2021/7/6,30,22,多云,西南风2级,40
2021/7/7,32,23,多云,东南风2级,61
2021/7/8,33,22,晴~多云,北风2级,45
2021/7/9,32,23,多云~晴,东风1级,58
2021/7/10,31,23,多云~雷阵雨,东南风2级,65
2021/7/11,30,23,阴~大雨,东南风2级,52
2021/7/12,25,21,暴雨~小雨,东风3级,16
2021/7/13,31,24,阴~多云,北风1级,25
2021/7/14,32,24,阴~雷阵雨,东南风2级,62
2021/7/15,32,24,阴,东南风2级,46
2021/7/16,30,24,阴~中雨,东南风2级,37
2021/7/17,29,23,阴~雷阵雨,东北风2级,28
2021/7/18,27,23,中雨~雷阵雨,东北风1级,29
2021/7/19,30,23,阴~雷阵雨,东南风2级,29
2021/7/20,31,23,阴~多云,东南风2级,38
2021/7/21,28,23,阴~雷阵雨,东南风1级,37
2021/7/22,28,23,小雨~雷阵雨,东南风1级,31
2021/7/23,31,23,晴~多云,南风2级,31
2021/7/24,32,24,多云,南风2级,51
2021/7/25,33,25,阴~多云,南风2级,56
2021/7/26,32,25,阴~雷阵雨,南风2级,61
2021/7/27,27,24,阴~雷阵雨,东北风2级,27
2021/7/28,28,24,阴~雷阵雨,东北风1级,24
2021/7/29,26,22,中雨~大雨,东北风2级,21
2021/7/30,30,22,阴~晴,西北风2级,20
2021/7/31,34,23,多云~雷阵雨,东北风2级,53
2021/8/1,32,23,晴,北风3级,25
2021/8/2,33,23,晴~多云,东北风2级,27
2021/8/3,31,24,阴~雷阵雨,南风2级,44
2021/8/4,31,23,阴~多云,东南风2级,48
2021/8/5,32,23,阴~多云,东南风1级,54
2021/8/6,33,22,阴~晴,东南风1级,44
2021/8/7,33,23,阴~多云,东南风2级,74
2021/8/8,31,23,阴~雷阵雨,南风2级,72
2021/8/9,30,22,多云~雷阵雨,东北风2级,45
2021/8/10,33,23,多云~晴,东南风1级,40
2021/8/11,30,23,多云~雷阵雨,东北风2级,37
2021/8/12,29,22,阴~雷阵雨,东南风2级,39
2021/8/13,29,22,阴~雷阵雨,东南风2级,36
2021/8/14,28,22,阴~雷阵雨,东南风2级,37
2021/8/15,28,22,阴~雷阵雨,东南风2级,37
2021/8/16,28,22,阴~雷阵雨,东南风1级,38
2021/8/17,30,21,多云,东风2级,32
2021/8/18,28,23,阴~小雨,东南风2级,36
2021/8/19,24,20,中雨~小雨,东南风2级,31
2021/8/20,28,21,阴~晴,东北风1级,32
2021/8/21,31,22,晴~多云,西南风2级,36
2021/8/22,30,23,阴~雷阵雨,西南风2级,64
2021/8/23,30,20,阴~中雨,西南风2级,54
2021/8/24,27,19,多云,西北风2级,25
2021/8/25,28,19,多云~晴,西北风2级,23
2021/8/26,30,19,多云,西北风2级,24
2021/8/27,30,18,晴,西北风2级,28
2021/8/28,28,18,阴~多云,北风2级,33
2021/8/29,28,20,阴~多云,西南风2级,43
2021/8/30,28,20,多云~小雨,东南风2级,54
2021/8/31,27,17,多云~晴,南风2级,46
2021/9/1,29,18,晴,西南风2级,41
2021/9/2,29,20,多云,西南风2级,53
2021/9/3,30,22,多云~雷阵雨,东南风1级,61
2021/9/4,24,19,多云,东南风1级,40
2021/9/5,24,22,多云~中雨,东南风1级,30
2021/9/6,23,14,多云~晴,北风2级,19
2021/9/7,27,17,晴,西南风2级,32
2021/9/8,28,19,多云~阴,东南风1级,44
2021/9/9,27,18,多云~阴,东南风1级,49
2021/9/10,29,19,多云,东北风2级,63
2021/9/11,31,21,多云~中雨,东北风1级,76
2021/9/12,23,20,多云~雷阵雨,东北风2级,51
2021/9/13,29,20,多云~雷阵雨,东北风2级,39
2021/9/14,25,17,多云,东南风1级,42
2021/9/15,25,19,多云~小雨,南风1级,46
2021/9/16,24,17,小雨~雾,东北风1级,36
2021/9/17,27,17,多云~晴,东南风1级,31
2021/9/18,24,19,多云~小雨,东南风1级,47
2021/9/19,18,16,中雨,南风2级,36
2021/9/20,21,15,中雨~多云,西北风3级,21
2021/9/21,27,14,多云~晴,西北风2级,23
2021/9/22,29,17,多云,西南风1级,32
2021/9/23,27,17,多云~中雨,东南风2级,52
2021/9/24,19,18,中雨,东北风2级,30
2021/9/25,24,18,多云~小雨,东南风2级,33
2021/9/26,20,18,小雨,东北风1级,26
2021/9/27,28,17,雾,东北风1级,34
2021/9/28,24,17,多云,南风2级,49
2021/9/29,28,17,多云~小雨,东北风2级,46
2021/9/30,22,16,多云,东北风2级,59
2021/10/1,23,16,多云~小雨,东北风2级,32
2021/10/2,21,17,多云~小雨,东风1级,60
2021/10/3,21,15,小雨,北风2级,52
2021/10/4,18,12,小雨,北风2级,19
2021/10/5,15,12,多云~中雨,西北风2级,17
2021/10/6,12,6,中雨~多云,东北风1级,13
2021/10/7,19,7,多云~晴,南风1级,18
2021/10/8,20,11,多云~小雨,东南风1级,35
2021/10/9,14,12,小雨~晴,南风1级,39
2021/10/10,18,6,多云~晴,西北风3级,27
2021/10/11,19,5,晴,北风2级,35
2021/10/12,20,9,晴,东风1级,38
2021/10/13,20,11,多云~小雨,东南风1级,66
2021/10/14,19,11,多云,西北风2级,47
2021/10/15,20,5,多云~晴,北风3级,32
2021/10/16,12,1,晴,西北风3级,24
2021/10/17,15,2,晴,西南风2级,38
2021/10/18,17,4,多云~晴,东北风2级,71
2021/10/19,14,1,晴,东北风2级,22
2021/10/20,14,3,多云~晴,西南风1级,49
2021/10/21,19,5,晴,西北风2级,40
2021/10/22,18,2,晴,西北风2级,32
2021/10/23,18,3,晴,西南风1级,55
2021/10/24,17,4,多云,西南风1级,109
2021/10/25,18,7,多云,南风1级,175
2021/10/26,22,5,多云~晴,北风2级,102
2021/10/27,21,6,晴~多云,西北风1级,29
2021/10/28,19,7,多云~小雨,东北风1级,49
2021/10/29,19,6,多云~雾,东风1级,105
2021/10/30,20,8,多云,西北风2级,145
2021/10/31,18,5,多云~阴,西北风2级,57
2021/11/1,13,6,多云~阴,南风1级,86
2021/11/2,12,4,小雨~雾,西南风1级,89
2021/11/3,12,5,多云~雾,东南风1级,121
2021/11/4,14,7,多云,东北风1级,164
2021/11/5,12,10,多云~小雨,东北风1级,180
2021/11/6,12,-1,小雨~大雪,北风3级,119
2021/11/7,1,-4,中雪~多云,西北风3级,14
2021/11/8,7,-2,晴,西北风4级,21
2021/11/9,11,1,晴,西北风4级,20
2021/11/10,14,2,晴,西北风4级,19
2021/11/11,13,0,晴,西北风3级,20
2021/11/12,15,0,晴,西北风2级,38
2021/11/13,18,1,晴,西北风2级,59
2021/11/14,16,2,晴,西北风2级,58
2021/11/15,11,0,晴,东北风1级,77
2021/11/16,11,2,多云~雾,西南风1级,78
2021/11/17,13,1,多云~晴,西风1级,115
2021/11/18,9,2,多云,北风1级,157
2021/11/19,10,3,多云~阴,东风2级,34
2021/11/20,8,0,多云,东北风1级,55
2021/11/21,7,-1,多云~晴,西北风3级,124
2021/11/22,4,-5,晴,西北风4级,37
2021/11/23,8,-4,晴,西南风1级,45
2021/11/24,12,-2,多云~晴,西北风1级,64
2021/11/25,13,-2,多云~晴,西北风1级,66
2021/11/26,13,-3,多云~晴,北风2级,47
2021/11/27,10,0,多云~阴,东北风1级,92
2021/11/28,9,2,多云~阴,北风1级,141
2021/11/29,7,-1,小雨~多云,北风2级,89
2021/11/30,5,-5,多云~晴,西北风4级,22
2021/12/1,9,-5,多云~晴,西风2级,26
2021/12/2,13,0,多云~晴,西北风3级,39
2021/12/3,13,-1,多云~晴,西北风2级,43
2021/12/4,13,-3,多云~晴,北风1级,50
2021/12/5,11,0,多云,西北风1级,95
2021/12/6,12,-3,多云~晴,西北风3级,52
2021/12/7,10,-3,多云,西北风1级,31
2021/12/8,7,1,多云~小雨,东南风1级,62
2021/12/9,4,-1,雾,东南风1级,127
2021/12/10,9,-1,多云,北风1级,96
2021/12/11,11,-3,多云~晴,西北风3级,51
2021/12/12,3,-6,晴,西北风3级,20
2021/12/13,4,-6,晴,西南风1级,49
2021/12/14,6,-5,多云~晴,西北风1级,74
2021/12/15,3,-4,多云~晴,东北风1级,100
2021/12/16,4,-7,晴,西北风3级,54
2021/12/17,0,-7,晴,西北风3级,23
2021/12/18,5,-7,晴,西北风2级,45
2021/12/19,9,-5,晴,西南风1级,70
2021/12/20,13,-3,多云~晴,西北风1级,79
2021/12/21,8,-2,多云~阴,东北风2级,58
2021/12/22,5,-2,多云,东南风1级,49
2021/12/23,-1,-5,多云~小雪,东风2级,69
2021/12/24,-4,-10,晴,东北风3级,27
2021/12/25,-4,-11,晴,西北风3级,17
2021/12/26,-1,-8,晴,西北风2级,28
2021/12/27,6,-8,晴,西北风1级,56
2021/12/28,6,-5,多云~晴,西北风1级,64
2021/12/29,5,-5,晴,西北风3级,43
2021/12/30,6,-7,晴,西北风3级,38
2021/12/31,5,-7,晴,东北风1级,44
