date,最高温度,最低温度,空气质量
2019/1/1,1,-10,56
2019/1/2,1,-9,60
2019/1/3,2,-7,165
2019/1/4,2,-7,50
2019/1/5,0,-8,29
2019/1/6,3,-7,84
2019/1/7,2,-7,61
2019/1/8,1,-10,28
2019/1/9,3,-9,60
2019/1/10,4,-7,105
2019/1/11,5,-7,133
2019/1/12,6,-5,229
2019/1/13,6,-7,165
2019/1/14,6,-8,157
2019/1/15,-2,-10,53
2019/1/16,2,-8,60
2019/1/17,5,-9,66
2019/1/18,6,-6,92
2019/1/19,3,-6,35
2019/1/20,5,-7,30
2019/1/21,8,-4,52
2019/1/22,10,-3,60
2019/1/23,8,-6,48
2019/1/24,5,-5,78
2019/1/25,5,-6,35
2019/1/26,5,-5,35
2019/1/27,7,-4,95
2019/1/28,6,-4,48
2019/1/29,7,-4,138
2019/1/30,5,-7,76
2019/1/31,2,-8,25
2019/2/1,6,-5,69
2019/2/2,3,-4,137
2019/2/3,8,-7,118
2019/2/4,4,-6,76
2019/2/5,5,-5,155
2019/2/6,2,-7,88
2019/2/7,-2,-7,31
2019/2/8,-1,-7,42
2019/2/9,0,-8,24
2019/2/10,0,-8,38
2019/2/11,3,-6,56
2019/2/12,-3,-8,47
2019/2/13,1,-6,38
2019/2/14,-3,-6,71
2019/2/15,2,-7,30
2019/2/16,3,-6,23
2019/2/17,6,-5,25
2019/2/18,4,-3,42
2019/2/19,7,-4,117
2019/2/20,9,-4,50
2019/2/21,11,-2,119
2019/2/22,11,-2,131
2019/2/23,12,-2,163
2019/2/24,13,-1,112
2019/2/25,10,-2,73
2019/2/26,10,-2,71
2019/2/27,12,-2,117
2019/2/28,14,-1,101
2019/3/1,15,1,152
2019/3/2,15,3,232
2019/3/3,15,2,207
2019/3/4,16,2,138
2019/3/5,17,4,129
2019/3/6,11,-2,27
2019/3/7,13,-1,36
2019/3/8,13,3,82
2019/3/9,12,2,109
2019/3/10,13,2,141
2019/3/11,16,1,54
2019/3/12,12,1,29
2019/3/13,16,2,31
2019/3/14,15,4,34
2019/3/15,13,0,45
2019/3/16,19,2,55
2019/3/17,20,4,74
2019/3/18,21,6,126
2019/3/19,25,11,172
2019/3/20,17,6,96
2019/3/21,13,0,31
2019/3/22,15,3,32
2019/3/23,12,2,34
2019/3/24,19,4,69
2019/3/25,22,5,55
2019/3/26,19,4,81
2019/3/27,21,4,104
2019/3/28,11,2,61
2019/3/29,13,4,76
2019/3/30,13,1,27
2019/3/31,16,2,32
2019/4/1,16,4,37
2019/4/2,19,3,56
2019/4/3,21,6,78
2019/4/4,28,9,105
2019/4/5,21,8,203
2019/4/6,20,6,135
2019/4/7,19,7,78
2019/4/8,17,4,64
2019/4/9,9,2,39
2019/4/10,18,9,41
2019/4/11,19,6,66
2019/4/12,22,9,82
2019/4/13,23,7,120
2019/4/14,23,8,54
2019/4/15,26,11,76
2019/4/16,26,12,98
2019/4/17,28,16,138
2019/4/18,24,10,121
2019/4/19,17,10,62
2019/4/20,15,8,55
2019/4/21,22,8,112
2019/4/22,26,15,129
2019/4/23,28,15,128
2019/4/24,19,9,63
2019/4/25,18,8,29
2019/4/26,21,10,35
2019/4/27,16,6,57
2019/4/28,19,9,58
2019/4/29,23,13,113
2019/4/30,24,13,94
2019/5/1,27,10,39
2019/5/2,29,14,54
2019/5/3,28,16,79
2019/5/4,26,15,80
2019/5/5,23,10,50
2019/5/6,25,10,39
2019/5/7,28,14,50
2019/5/8,25,13,70
2019/5/9,30,14,64
2019/5/10,30,14,87
2019/5/11,29,14,104
2019/5/12,26,12,161
2019/5/13,26,12,58
2019/5/14,30,16,85
2019/5/15,28,16,133
2019/5/16,32,17,105
2019/5/17,33,20,118
2019/5/18,29,18,56
2019/5/19,28,13,62
2019/5/20,26,13,45
2019/5/21,31,14,40
2019/5/22,35,18,54
2019/5/23,37,21,85
2019/5/24,35,21,88
2019/5/25,35,20,99
2019/5/26,24,17,59
2019/5/27,29,15,30
2019/5/28,32,17,39
2019/5/29,33,22,63
2019/5/30,30,15,52
2019/5/31,30,19,34
2019/6/1,30,18,66
2019/6/2,32,19,75
2019/6/3,34,20,62
2019/6/4,28,19,82
2019/6/5,31,19,69
2019/6/6,26,18,70
2019/6/7,31,21,82
2019/6/8,34,20,65
2019/6/9,31,18,28
2019/6/10,33,18,61
2019/6/11,32,20,75
2019/6/12,33,22,69
2019/6/13,29,20,58
2019/6/14,35,20,59
2019/6/15,32,19,56
2019/6/16,25,18,38
2019/6/17,29,20,72
2019/6/18,33,22,104
2019/6/19,33,22,105
2019/6/20,36,23,103
2019/6/21,32,21,85
2019/6/22,34,22,59
2019/6/23,35,23,93
2019/6/24,36,24,86
2019/6/25,36,24,98
2019/6/26,35,22,90
2019/6/27,33,23,87
2019/6/28,32,22,56
2019/6/29,35,23,40
2019/6/30,32,21,27
2019/7/1,35,23,36
2019/7/2,35,23,64
2019/7/3,36,24,56
2019/7/4,38,25,89
2019/7/5,33,22,53
2019/7/6,26,21,23
2019/7/7,28,20,28
2019/7/8,30,22,33
2019/7/9,29,21,47
2019/7/10,28,19,66
2019/7/11,29,21,51
2019/7/12,33,22,62
2019/7/13,33,23,86
2019/7/14,33,23,49
2019/7/15,35,24,94
2019/7/16,33,24,64
2019/7/17,30,23,67
2019/7/18,32,24,89
2019/7/19,33,25,81
2019/7/20,30,24,80
2019/7/21,36,27,102
2019/7/22,35,25,106
2019/7/23,34,25,58
2019/7/24,36,27,64
2019/7/25,35,26,66
2019/7/26,37,27,73
2019/7/27,36,27,133
2019/7/28,35,26,77
2019/7/29,29,23,30
2019/7/30,34,24,54
2019/7/31,35,24,62
2019/8/1,32,24,74
2019/8/2,30,24,53
2019/8/3,31,24,62
2019/8/4,29,23,54
2019/8/5,28,24,48
2019/8/6,30,24,61
2019/8/7,29,23,39
2019/8/8,32,25,53
2019/8/9,30,23,65
2019/8/10,29,23,32
2019/8/11,28,24,30
2019/8/12,30,23,22
2019/8/13,31,22,20
2019/8/14,32,21,32
2019/8/15,32,22,49
2019/8/16,31,22,27
2019/8/17,31,19,26
2019/8/18,31,21,42
2019/8/19,31,22,75
2019/8/20,27,19,71
2019/8/21,31,21,46
2019/8/22,32,20,34
2019/8/23,30,19,33
2019/8/24,30,18,50
2019/8/25,30,20,53
2019/8/26,29,19,94
2019/8/27,33,20,58
2019/8/28,31,20,26
2019/8/29,30,20,21
2019/8/30,30,18,25
2019/8/31,32,18,42
2019/9/1,33,19,56
2019/9/2,34,20,67
2019/9/3,33,20,88
2019/9/4,32,19,91
2019/9/5,33,20,82
2019/9/6,33,20,86
2019/9/7,34,21,90
2019/9/8,35,22,71
2019/9/9,32,21,97
2019/9/10,25,18,22
2019/9/11,24,18,26
2019/9/12,25,18,31
2019/9/13,26,18,42
2019/9/14,29,17,29
2019/9/15,28,17,51
2019/9/16,26,17,43
2019/9/17,28,16,55
2019/9/18,24,14,26
2019/9/19,25,16,56
2019/9/20,27,16,61
2019/9/21,27,16,88
2019/9/22,27,16,116
2019/9/23,30,17,58
2019/9/24,31,15,38
2019/9/25,31,16,54
2019/9/26,30,15,64
2019/9/27,29,15,79
2019/9/28,30,17,84
2019/9/29,29,18,95
2019/9/30,30,19,104
2019/10/1,30,20,84
2019/10/2,29,17,74
2019/10/3,29,13,86
2019/10/4,15,9,34
2019/10/5,19,9,17
2019/10/6,19,9,34
2019/10/7,24,10,64
2019/10/8,20,9,26
2019/10/9,22,11,55
2019/10/10,22,12,63
2019/10/11,18,13,62
2019/10/12,18,9,59
2019/10/13,12,5,52
2019/10/14,16,4,22
2019/10/15,17,6,35
2019/10/16,15,9,48
2019/10/17,14,7,80
2019/10/18,18,7,83
2019/10/19,20,10,165
2019/10/20,22,7,148
2019/10/21,19,6,45
2019/10/22,20,7,77
2019/10/23,21,11,104
2019/10/24,16,7,108
2019/10/25,14,2,17
2019/10/26,16,3,45
2019/10/27,18,5,69
2019/10/28,15,2,128
2019/10/29,16,3,64
2019/10/30,20,5,83
2019/10/31,22,4,70
2019/11/1,18,8,65
2019/11/2,13,8,53
2019/11/3,14,4,53
2019/11/4,16,5,70
2019/11/5,16,6,76
2019/11/6,16,5,66
2019/11/7,12,1,53
2019/11/8,15,2,65
2019/11/9,14,6,109
2019/11/10,17,6,90
2019/11/11,16,4,48
2019/11/12,18,5,80
2019/11/13,8,-4,51
2019/11/14,10,-2,51
2019/11/15,9,1,64
2019/11/16,9,4,65
2019/11/17,12,-4,158
2019/11/18,4,-5,77
2019/11/19,7,-3,56
2019/11/20,7,-2,89
2019/11/21,9,-1,115
2019/11/22,10,2,178
2019/11/23,12,4,190
2019/11/24,6,-5,30
2019/11/25,3,-5,27
2019/11/26,5,-4,64
2019/11/27,4,-6,26
2019/11/28,3,-5,59
2019/11/29,3,-4,76
2019/11/30,5,-5,74
2019/12/1,4,-5,32
2019/12/2,4,-5,25
2019/12/3,7,-4,45
2019/12/4,8,-5,30
2019/12/5,2,-6,37
2019/12/6,4,-5,73
2019/12/7,6,-6,66
2019/12/8,5,-5,181
2019/12/9,3,-5,224
2019/12/10,9,-3,148
2019/12/11,4,-6,27
2019/12/12,5,-5,35
2019/12/13,10,-5,48
2019/12/14,5,-3,24
2019/12/15,3,-2,67
2019/12/16,2,-4,91
2019/12/17,6,-7,25
2019/12/18,2,-6,26
2019/12/19,2,-9,27
2019/12/20,3,-7,33
2019/12/21,4,-6,63
2019/12/22,5,-5,90
2019/12/23,3,-4,59
2019/12/24,1,-6,110
2019/12/25,5,-6,85
2019/12/26,4,-7,41
2019/12/27,4,-6,69
2019/12/28,3,-7,100
2019/12/29,5,-7,133
2019/12/30,-5,-12,37
2019/12/31,-3,-10,36
2020/1/1,0,-9,53
2020/1/2,4,-8,74
2020/1/3,7,-5,72
2020/1/4,9,-5,59
2020/1/5,2,-3,79
2020/1/6,3,-2,78
2020/1/7,2,-4,24
2020/1/8,5,-6,27
2020/1/9,4,-7,48
2020/1/10,6,-4,46
2020/1/11,0,-7,22
2020/1/12,2,-6,30
2020/1/13,0,-8,21
2020/1/14,1,-9,26
2020/1/15,1,-7,69
2020/1/16,2,-7,69
2020/1/17,3,-7,90
2020/1/18,-2,-4,271
2020/1/19,5,-4,57
2020/1/20,6,-7,25
2020/1/21,4,-6,58
2020/1/22,6,-5,90
2020/1/23,8,-6,71
2020/1/24,4,-6,83
2020/1/25,5,-5,188
2020/1/26,3,-4,197
2020/1/27,5,-4,224
2020/1/28,5,-4,224
2020/1/29,8,-6,104
2020/1/30,6,-6,66
2020/1/31,8,-5,66
2020/2/1,4,-3,21
2020/2/2,3,-7,45
2020/2/3,3,-6,31
2020/2/4,2,-8,26
2020/2/5,-3,-6,37
2020/2/6,-3,-9,57
2020/2/7,1,-7,99
2020/2/8,7,-7,91
2020/2/9,6,-5,169
2020/2/10,12,-5,173
2020/2/11,10,-2,227
2020/2/12,11,-2,262
2020/2/13,8,0,260
2020/2/14,0,-6,87
2020/2/15,0,-4,20
2020/2/16,3,-5,20
2020/2/17,6,-5,21
2020/2/18,10,-4,27
2020/2/19,8,-4,76
2020/2/20,4,-3,142
2020/2/21,9,-2,128
2020/2/22,9,-3,25
2020/2/23,10,0,53
2020/2/24,9,3,86
2020/2/25,9,-2,70
2020/2/26,8,-2,44
2020/2/27,5,-3,37
2020/2/28,8,0,81
2020/2/29,3,1,109
2020/3/1,10,-3,41
2020/3/2,9,-1,33
2020/3/3,8,-3,36
2020/3/4,7,-2,23
2020/3/5,9,-2,54
2020/3/6,10,1,109
2020/3/7,15,1,81
2020/3/8,6,5,129
2020/3/9,11,-1,74
2020/3/10,11,-4,33
2020/3/11,16,1,44
2020/3/12,14,-2,43
2020/3/13,12,-1,30
2020/3/14,16,3,34
2020/3/15,18,0,34
2020/3/16,12,3,57
2020/3/17,23,3,56
2020/3/18,26,5,105
2020/3/19,17,4,36
2020/3/20,24,7,53
2020/3/21,17,3,66
2020/3/22,21,7,59
2020/3/23,22,6,54
2020/3/24,18,5,67
2020/3/25,21,5,155
2020/3/26,12,2,41
2020/3/27,13,-1,27
2020/3/28,14,2,30
2020/3/29,16,5,62
2020/3/30,18,7,87
2020/3/31,19,7,87
2020/4/1,16,3,45
2020/4/2,20,7,39
2020/4/3,24,9,42
2020/4/4,18,4,99
2020/4/5,19,6,67
2020/4/6,23,9,85
2020/4/7,18,5,87
2020/4/8,15,7,54
2020/4/9,12,4,53
2020/4/10,17,6,58
2020/4/11,23,10,46
2020/4/12,25,6,45
2020/4/13,27,10,57
2020/4/14,26,11,94
2020/4/15,24,11,94
2020/4/16,19,11,76
2020/4/17,21,8,47
2020/4/18,22,11,46
2020/4/19,21,10,68
2020/4/20,15,4,67
2020/4/21,13,4,34
2020/4/22,16,6,46
2020/4/23,19,6,31
2020/4/24,29,12,84
2020/4/25,22,9,57
2020/4/26,22,7,37
2020/4/27,28,11,61
2020/4/28,27,16,102
2020/4/29,28,15,118
2020/4/30,32,17,143
2020/5/1,34,21,179
2020/5/2,32,17,149
2020/5/3,25,14,102
2020/5/4,17,10,52
2020/5/5,22,13,65
2020/5/6,25,13,114
2020/5/7,19,13,117
2020/5/8,15,10,58
2020/5/9,19,13,47
2020/5/10,25,14,56
2020/5/11,27,13,75
2020/5/12,26,12,97
2020/5/13,30,18,117
2020/5/14,30,15,104
2020/5/15,22,15,93
2020/5/16,22,13,66
2020/5/17,22,14,66
2020/5/18,26,15,42
2020/5/19,30,15,54
2020/5/20,29,16,68
2020/5/21,22,15,114
2020/5/22,29,16,79
2020/5/23,26,16,56
2020/5/24,29,17,33
2020/5/25,24,13,44
2020/5/26,28,16,34
2020/5/27,30,16,45
2020/5/28,32,17,82
2020/5/29,29,21,111
2020/5/30,31,18,116
2020/5/31,28,16,73
2020/6/1,31,16,62
2020/6/2,32,20,89
2020/6/3,36,20,168
2020/6/4,32,18,44
2020/6/5,30,17,42
2020/6/6,31,19,64
2020/6/7,35,24,83
2020/6/8,37,26,97
2020/6/9,28,21,73
2020/6/10,33,21,93
2020/6/11,31,21,85
2020/6/12,34,23,80
2020/6/13,32,23,95
2020/6/14,34,22,36
2020/6/15,37,22,62
2020/6/16,36,24,100
2020/6/17,31,21,66
2020/6/18,32,22,63
2020/6/19,32,24,59
2020/6/20,33,25,81
2020/6/21,34,25,75
2020/6/22,32,24,86
2020/6/23,31,22,73
2020/6/24,29,22,35
2020/6/25,29,20,51
2020/6/26,28,21,44
2020/6/27,32,22,111
2020/6/28,30,22,101
2020/6/29,27,21,48
2020/6/30,34,22,41
2020/7/1,34,22,74
2020/7/2,28,21,49
2020/7/3,27,20,71
2020/7/4,30,22,72
2020/7/5,32,21,53
2020/7/6,33,22,53
2020/7/7,33,21,34
2020/7/8,32,21,74
2020/7/9,23,19,46
2020/7/10,25,21,64
2020/7/11,26,22,111
2020/7/12,28,21,133
2020/7/13,30,22,73
2020/7/14,31,22,54
2020/7/15,33,22,59
2020/7/16,33,25,70
2020/7/17,29,23,67
2020/7/18,27,22,64
2020/7/19,32,20,55
2020/7/20,34,24,77
2020/7/21,34,22,66
2020/7/22,32,22,85
2020/7/23,32,22,67
2020/7/24,37,24,60
2020/7/25,33,24,70
2020/7/26,25,21,47
2020/7/27,24,21,81
2020/7/28,28,22,109
2020/7/29,31,24,79
2020/7/30,34,25,113
2020/7/31,34,24,64
2020/8/1,30,25,55
2020/8/2,33,22,46
2020/8/3,33,24,46
2020/8/4,37,26,43
2020/8/5,30,23,55
2020/8/6,31,23,50
2020/8/7,33,22,40
2020/8/8,31,23,49
2020/8/9,33,22,47
2020/8/10,32,23,39
2020/8/11,34,25,71
2020/8/12,31,24,53
2020/8/13,32,23,30
2020/8/14,34,26,62
2020/8/15,31,22,52
2020/8/16,25,21,58
2020/8/17,27,24,61
2020/8/18,26,22,57
2020/8/19,26,19,26
2020/8/20,26,17,35
2020/8/21,28,17,46
2020/8/22,28,19,62
2020/8/23,28,21,77
2020/8/24,33,20,35
2020/8/25,34,22,54
2020/8/26,28,22,94
2020/8/27,32,19,84
2020/8/28,30,22,44
2020/8/29,30,23,72
2020/8/30,30,22,71
2020/8/31,26,18,36
2020/9/1,33,20,33
2020/9/2,29,19,33
2020/9/3,28,16,21
2020/9/4,30,17,45
2020/9/5,30,19,60
2020/9/6,30,20,99
2020/9/7,31,21,37
2020/9/8,31,19,25
2020/9/9,31,18,28
2020/9/10,26,18,24
2020/9/11,26,19,19
2020/9/12,26,18,22
2020/9/13,27,19,40
2020/9/14,25,19,58
2020/9/15,23,17,49
2020/9/16,26,15,21
2020/9/17,27,13,22
2020/9/18,28,12,32
2020/9/19,29,14,40
2020/9/20,26,15,34
2020/9/21,26,16,63
2020/9/22,26,16,46
2020/9/23,18,16,58
2020/9/24,24,13,47
2020/9/25,25,14,58
2020/9/26,25,14,75
2020/9/27,26,14,87
2020/9/28,25,14,108
2020/9/29,19,9,26
2020/9/30,20,13,33
2020/10/1,20,14,61
2020/10/2,21,8,30
2020/10/3,22,9,40
2020/10/4,18,8,27
2020/10/5,19,6,23
2020/10/6,21,10,51
2020/10/7,22,9,80
2020/10/8,18,11,110
2020/10/9,21,10,140
2020/10/10,23,12,181
2020/10/11,19,7,72
2020/10/12,18,6,28
2020/10/13,21,7,41
2020/10/14,13,5,32
2020/10/15,18,8,79
2020/10/16,19,4,37
2020/10/17,22,7,45
2020/10/18,21,5,56
2020/10/19,21,7,82
2020/10/20,17,8,157
2020/10/21,16,3,121
2020/10/22,15,3,57
2020/10/23,18,3,32
2020/10/24,20,7,61
2020/10/25,19,7,111
2020/10/26,21,7,127
2020/10/27,17,5,47
2020/10/28,18,5,45
2020/10/29,19,3,65
2020/10/30,17,8,72
2020/10/31,19,6,154
2020/11/1,17,4,53
2020/11/2,12,0,45
2020/11/3,14,0,33
2020/11/4,15,2,65
2020/11/5,15,4,116
2020/11/6,18,4,118
2020/11/7,19,2,95
2020/11/8,15,1,41
2020/11/9,16,2,52
2020/11/10,18,2,68
2020/11/11,14,4,141
2020/11/12,20,4,124
2020/11/13,16,4,48
2020/11/14,12,4,74
2020/11/15,16,5,107
2020/11/16,13,8,133
2020/11/17,10,8,140
2020/11/18,11,4,63
2020/11/19,9,-2,16
2020/11/20,8,-1,21
2020/11/21,2,-2,49
2020/11/22,3,-5,16
2020/11/23,6,-3,31
2020/11/24,7,-4,48
2020/11/25,6,-4,50
2020/11/26,5,-4,36
2020/11/27,5,-3,28
2020/11/28,3,-5,27
2020/11/29,5,-4,33
2020/11/30,4,-6,36
2020/12/1,3,-4,42
2020/12/2,3,-4,36
2020/12/3,4,-4,21
2020/12/4,4,-6,22
2020/12/5,4,-5,39
2020/12/6,6,-4,59
2020/12/7,1,-7,26
2020/12/8,2,-6,39
2020/12/9,3,-5,71
2020/12/10,7,-4,87
2020/12/11,6,-6,50
2020/12/12,2,-6,102
2020/12/13,-2,-9,29
2020/12/14,0,-9,25
2020/12/15,0,-8,38
2020/12/16,1,-9,44
2020/12/17,3,-6,66
2020/12/18,0,-9,31
2020/12/19,3,-6,45
2020/12/20,5,-7,46
2020/12/21,5,-8,56
2020/12/22,6,-6,76
2020/12/23,7,-5,93
2020/12/24,4,-7,51
2020/12/25,7,-7,67
2020/12/26,3,-6,75
2020/12/27,7,-5,85
2020/12/28,2,-10,83
2020/12/29,-8,-13,56
2020/12/30,-5,-13,26
2020/12/31,0,-11,31
2021/1/1,1,-11,54
2021/1/2,0,-9,78
2021/1/3,-1,-8,31
2021/1/4,0,-11,36
2021/1/5,-2,-11,32
2021/1/6,0,-19,64
2021/1/7,-7,-14,34
2021/1/8,-2,-10,31
2021/1/9,1,-8,41
2021/1/10,1,-7,26
2021/1/11,2,-8,57
2021/1/12,4,-6,99
2021/1/13,8,-6,177
2021/1/14,2,-4,81
2021/1/15,3,-8,75
2021/1/16,0,-8,30
2021/1/17,3,-7,49
2021/1/18,4,-6,63
2021/1/19,-3,-8,48
2021/1/20,1,-5,71
2021/1/21,5,-5,109
2021/1/22,5,-7,114
2021/1/23,3,-6,103
2021/1/24,5,-5,139
2021/1/25,1,-6,176
2021/1/26,6,-7,117
2021/1/27,3,-6,63
2021/1/28,-1,-9,49
2021/1/29,0,-8,52
2021/1/30,7,-7,68
2021/1/31,0,-5,90
2021/2/1,2,-10,51
2021/2/2,0,-8,35
2021/2/3,7,-6,50
2021/2/4,10,-5,59
2021/2/5,15,-2,70
2021/2/6,16,-3,81
2021/2/7,7,-5,47
2021/2/8,7,-5,45
2021/2/9,10,-3,88
2021/2/10,15,-3,110
2021/2/11,11,-1,220
2021/2/12,14,-1,255
2021/2/13,7,2,264
2021/2/14,4,-5,135
2021/2/15,5,-4,31
2021/2/16,0,-7,37
2021/2/17,3,-7,24
2021/2/18,7,-5,40
2021/2/19,16,-2,63
2021/2/20,20,3,73
2021/2/21,25,4,114
2021/2/22,12,0,61
2021/2/23,3,-3,46
2021/2/24,5,-3,62
2021/2/25,8,-3,107
2021/2/26,11,-3,171
2021/2/27,11,1,143
2021/2/28,5,0,128
2021/3/1,5,-6,34
2021/3/2,4,-2,83
2021/3/3,6,2,153
2021/3/4,11,2,198
2021/3/5,9,-2,169
2021/3/6,4,-5,49
2021/3/7,8,-2,76
2021/3/8,10,1,109
2021/3/9,15,3,182
2021/3/10,16,8,248
2021/3/11,17,7,143
2021/3/12,10,6,138
2021/3/13,14,8,152
2021/3/14,13,9,178
2021/3/15,12,2,347
2021/3/16,15,3,172
2021/3/17,13,6,195
2021/3/18,8,3,98
2021/3/19,10,5,94
2021/3/20,13,3,83
2021/3/21,12,1,29
2021/3/22,19,5,122
2021/3/23,23,8,90
2021/3/24,21,6,103
2021/3/25,21,11,81
2021/3/26,14,10,168
2021/3/27,18,10,181
2021/3/28,18,8,282
2021/3/29,19,6,91
2021/3/30,21,9,144
2021/3/31,24,10,126
2021/4/1,18,12,118
2021/4/2,16,10,56
2021/4/3,18,7,42
2021/4/4,19,7,30
2021/4/5,18,8,60
2021/4/6,21,10,57
2021/4/7,19,5,74
2021/4/8,19,8,62
2021/4/9,18,6,67
2021/4/10,20,12,90
2021/4/11,20,9,79
2021/4/12,16,8,82
2021/4/13,16,5,27
2021/4/14,22,10,69
2021/4/15,21,8,168
2021/4/16,17,9,119
2021/4/17,20,5,33
2021/4/18,25,10,63
2021/4/19,27,15,100
2021/4/20,26,13,96
2021/4/21,21,12,67
2021/4/22,16,9,56
2021/4/23,21,12,49
2021/4/24,18,13,39
2021/4/25,20,10,64
2021/4/26,22,8,64
2021/4/27,22,11,73
2021/4/28,22,10,61
2021/4/29,18,8,58
2021/4/30,14,6,30
2021/5/1,20,7,33
2021/5/2,21,13,39
2021/5/3,24,13,63
2021/5/4,23,10,53
2021/5/5,27,16,70
2021/5/6,19,14,185
2021/5/7,25,17,120
2021/5/8,26,12,174
2021/5/9,26,13,50
2021/5/10,23,13,54
2021/5/11,24,13,55
2021/5/12,26,15,52
2021/5/13,23,16,69
2021/5/14,23,18,67
2021/5/15,19,15,37
2021/5/16,26,13,26
2021/5/17,31,15,48
2021/5/18,32,19,61
2021/5/19,30,19,71
2021/5/20,28,16,67
2021/5/21,30,20,84
2021/5/22,32,16,72
2021/5/23,26,13,115
2021/5/24,24,13,57
2021/5/25,28,15,63
2021/5/26,28,13,57
2021/5/27,28,16,47
2021/5/28,29,16,29
2021/5/29,27,15,44
2021/5/30,27,15,46
2021/5/31,19,14,49
2021/6/1,28,17,42
2021/6/2,29,14,49
2021/6/3,28,17,28
2021/6/4,30,16,35
2021/6/5,34,18,32
2021/6/6,33,20,50
2021/6/7,27,19,53
2021/6/8,29,21,69
2021/6/9,25,19,56
2021/6/10,32,18,31
2021/6/11,36,20,54
2021/6/12,36,24,88
2021/6/13,34,23,82
2021/6/14,25,23,31
2021/6/15,30,21,58
2021/6/16,22,20,37
2021/6/17,32,19,29
2021/6/18,34,19,26
2021/6/19,37,20,30
2021/6/20,36,21,34
2021/6/21,35,21,71
2021/6/22,32,21,48
2021/6/23,25,22,38
2021/6/24,27,20,44
2021/6/25,28,22,58
2021/6/26,28,23,43
2021/6/27,33,23,71
2021/6/28,30,22,71
2021/6/29,27,22,44
2021/6/30,30,23,41
2021/7/1,30,22,37
2021/7/2,30,19,37
2021/7/3,28,21,41
2021/7/4,33,21,33
2021/7/5,32,21,41
2021/7/6,30,22,40
2021/7/7,32,23,61
2021/7/8,33,22,45
2021/7/9,32,23,58
2021/7/10,31,23,65
2021/7/11,30,23,52
2021/7/12,25,21,16
2021/7/13,31,24,25
2021/7/14,32,24,62
2021/7/15,32,24,46
2021/7/16,30,24,37
2021/7/17,29,23,28
2021/7/18,27,23,29
2021/7/19,30,23,29
2021/7/20,31,23,38
2021/7/21,28,23,37
2021/7/22,28,23,31
2021/7/23,31,23,31
2021/7/24,32,24,51
2021/7/25,33,25,56
2021/7/26,32,25,61
2021/7/27,27,24,27
2021/7/28,28,24,24
2021/7/29,26,22,21
2021/7/30,30,22,20
2021/7/31,34,23,53
2021/8/1,32,23,25
2021/8/2,33,23,27
2021/8/3,31,24,44
2021/8/4,31,23,48
2021/8/5,32,23,54
2021/8/6,33,22,44
2021/8/7,33,23,74
2021/8/8,31,23,72
2021/8/9,30,22,45
2021/8/10,33,23,40
2021/8/11,30,23,37
2021/8/12,29,22,39
2021/8/13,29,22,36
2021/8/14,28,22,37
2021/8/15,28,22,37
2021/8/16,28,22,38
2021/8/17,30,21,32
2021/8/18,28,23,36
2021/8/19,24,20,31
2021/8/20,28,21,32
2021/8/21,31,22,36
2021/8/22,30,23,64
2021/8/23,30,20,54
2021/8/24,27,19,25
2021/8/25,28,19,23
2021/8/26,30,19,24
2021/8/27,30,18,28
2021/8/28,28,18,33
2021/8/29,28,20,43
2021/8/30,28,20,54
2021/8/31,27,17,46
2021/9/1,29,18,41
2021/9/2,29,20,53
2021/9/3,30,22,61
2021/9/4,24,19,40
2021/9/5,24,22,30
2021/9/6,23,14,19
2021/9/7,27,17,32
2021/9/8,28,19,44
2021/9/9,27,18,49
2021/9/10,29,19,63
2021/9/11,31,21,76
2021/9/12,23,20,51
2021/9/13,29,20,39
2021/9/14,25,17,42
2021/9/15,25,19,46
2021/9/16,24,17,36
2021/9/17,27,17,31
2021/9/18,24,19,47
2021/9/19,18,16,36
2021/9/20,21,15,21
2021/9/21,27,14,23
2021/9/22,29,17,32
2021/9/23,27,17,52
2021/9/24,19,18,30
2021/9/25,24,18,33
2021/9/26,20,18,26
2021/9/27,28,17,34
2021/9/28,24,17,49
2021/9/29,28,17,46
2021/9/30,22,16,59
2021/10/1,23,16,32
2021/10/2,21,17,60
2021/10/3,21,15,52
2021/10/4,18,12,19
2021/10/5,15,12,17
2021/10/6,12,6,13
2021/10/7,19,7,18
2021/10/8,20,11,35
2021/10/9,14,12,39
2021/10/10,18,6,27
2021/10/11,19,5,35
2021/10/12,20,9,38
2021/10/13,20,11,66
2021/10/14,19,11,47
2021/10/15,20,5,32
2021/10/16,12,1,24
2021/10/17,15,2,38
2021/10/18,17,4,71
2021/10/19,14,1,22
2021/10/20,14,3,49
2021/10/21,19,5,40
2021/10/22,18,2,32
2021/10/23,18,3,55
2021/10/24,17,4,109
2021/10/25,18,7,175
2021/10/26,22,5,102
2021/10/27,21,6,29
2021/10/28,19,7,49
2021/10/29,19,6,105
2021/10/30,20,8,145
2021/10/31,18,5,57
2021/11/1,13,6,86
2021/11/2,12,4,89
2021/11/3,12,5,121
2021/11/4,14,7,164
2021/11/5,12,10,180
2021/11/6,12,-1,119
2021/11/7,1,-4,14
2021/11/8,7,-2,21
2021/11/9,11,1,20
2021/11/10,14,2,19
2021/11/11,13,0,20
2021/11/12,15,0,38
2021/11/13,18,1,59
2021/11/14,16,2,58
2021/11/15,11,0,77
2021/11/16,11,2,78
2021/11/17,13,1,115
2021/11/18,9,2,157
2021/11/19,10,3,34
2021/11/20,8,0,55
2021/11/21,7,-1,124
2021/11/22,4,-5,37
2021/11/23,8,-4,45
2021/11/24,12,-2,64
2021/11/25,13,-2,66
2021/11/26,13,-3,47
2021/11/27,10,0,92
2021/11/28,9,2,141
2021/11/29,7,-1,89
2021/11/30,5,-5,22
2021/12/1,9,-5,26
2021/12/2,13,0,39
2021/12/3,13,-1,43
2021/12/4,13,-3,50
2021/12/5,11,0,95
2021/12/6,12,-3,52
2021/12/7,10,-3,31
2021/12/8,7,1,62
2021/12/9,4,-1,127
2021/12/10,9,-1,96
2021/12/11,11,-3,51
2021/12/12,3,-6,20
2021/12/13,4,-6,49
2021/12/14,6,-5,74
2021/12/15,3,-4,100
2021/12/16,4,-7,54
2021/12/17,0,-7,23
2021/12/18,5,-7,45
2021/12/19,9,-5,70
2021/12/20,13,-3,79
2021/12/21,8,-2,58
2021/12/22,5,-2,49
2021/12/23,-1,-5,69
2021/12/24,-4,-10,27
2021/12/25,-4,-11,17
2021/12/26,-1,-8,28
2021/12/27,6,-8,56
2021/12/28,6,-5,64
2021/12/29,5,-5,43
2021/12/30,6,-7,38
2021/12/31,5,-7,44
